{
    "metadata":{
        "version":3,
        "type":"Geometry",
        "vertices":32,
        "normals":32,
        "materials":2,
        "generator":"io_three",
        "faces":34
    },
    "materials":[{
        "wireframe":false,
        "opacity":1,
        "DbgIndex":1,
        "depthWrite":true,
        "colorSpecular":[0.5,0.5,0.5],
        "transparent":false,
        "blending":"NormalBlending",
        "DbgColor":15597568,
        "colorDiffuse":[0.8,0,0],
        "DbgName":"dua",
        "specularCoef":50,
        "visible":true,
        "colorEmissive":[0,0,0],
        "depthTest":true,
        "shading":"phong"
    },{
        "wireframe":false,
        "opacity":1,
        "DbgIndex":0,
        "depthWrite":true,
        "colorSpecular":[0.5,0.5,0.5],
        "transparent":false,
        "blending":"NormalBlending",
        "DbgColor":15658734,
        "colorDiffuse":[0.0268151,0.64,0.00652665],
        "DbgName":"satu",
        "specularCoef":50,
        "visible":true,
        "colorEmissive":[0,0,0],
        "depthTest":true,
        "shading":"phong"
    }],
    "vertices":[1,0.0611853,-0.265837,0.9,0.0611853,-0.165837,0.9,-0.0388147,-0.265837,1,1.86119,-0.265837,0.9,1.96119,-0.265837,0.9,1.86119,-0.165837,-0.9,1.96118,-0.265837,-1,1.86119,-0.265837,-0.9,1.86119,-0.165837,-0.9,-0.0388151,-0.265837,-0.9,0.0611849,-0.165837,-1,0.0611849,-0.265837,0.9,-0.0388144,-2.06584,0.9,0.0611857,-2.16584,1,0.0611857,-2.06584,0.899999,1.96119,-2.06584,0.999999,1.86119,-2.06584,0.899999,1.86119,-2.16584,-1,1.86118,-2.06584,-0.9,1.96118,-2.06584,-0.9,1.86118,-2.16584,-1,0.0611851,-2.06584,-0.9,0.0611851,-2.16584,-0.9,-0.038815,-2.06584,0.449337,0.511848,-2.80405,0.449337,1.41052,-2.80405,-0.449337,0.511848,-2.80405,-0.449337,1.41052,-2.80405,0.449337,0.511848,-3.74771,0.449337,1.41052,-3.74771,-0.449337,0.511848,-3.74771,-0.449337,1.41052,-3.74771],
    "normals":[0.341563,-0.875576,-0.341563,0.341563,-0.875576,0.341563,-0.341563,-0.875576,0.341563,-0.341563,-0.875576,-0.341563,0.341563,0.875576,0.341563,0.341563,0.875576,-0.341563,-0.341563,0.875576,-0.341563,-0.341563,0.875576,0.341563,-0.875576,0.341563,0.341563,-0.875576,0.341563,-0.341563,-0.875576,-0.341563,-0.341563,-0.875576,-0.341563,0.341563,-0.473373,-0.473373,-0.742821,-0.473373,0.473373,-0.742821,-0.627186,0.627186,-0.461745,-0.627186,-0.627186,-0.461745,0.875576,-0.341563,0.341563,0.875576,-0.341563,-0.341563,0.875576,0.341563,-0.341563,0.875576,0.341563,0.341563,0.341563,-0.341563,0.875576,0.341563,0.341563,0.875576,-0.341563,0.341563,0.875576,-0.341563,-0.341563,0.875576,0.473373,-0.473373,-0.742821,0.473373,0.473373,-0.742821,0.627186,0.627186,-0.461745,0.577349,0.577349,-0.577349,-0.577349,0.577349,-0.577349,0.627186,-0.627186,-0.461745,0.577349,-0.577349,-0.577349,-0.577349,-0.577349,-0.577349],
    "faces":[35,12,2,9,23,0,0,1,2,3,35,4,15,19,6,0,4,5,6,7,35,7,18,21,11,0,8,9,10,11,35,22,20,27,26,1,12,13,14,15,35,0,14,16,3,0,16,17,18,19,34,0,1,2,1,16,20,1,34,3,4,5,1,19,4,21,34,6,7,8,1,7,8,22,34,9,10,11,1,2,23,11,34,12,13,14,1,0,24,17,34,15,16,17,1,5,18,25,34,18,19,20,1,9,6,13,34,21,22,23,1,10,12,3,35,0,3,5,1,1,16,19,21,20,35,1,10,9,2,1,20,23,2,1,35,14,0,2,12,0,17,16,1,0,35,4,6,8,5,1,4,7,22,21,35,3,16,15,4,0,19,18,5,4,35,7,11,10,8,1,8,11,23,22,35,6,19,18,7,0,7,6,9,8,35,11,21,23,9,0,11,10,3,2,35,13,17,16,14,1,24,25,18,17,35,12,23,22,13,1,0,3,12,24,35,17,20,19,15,1,25,13,6,5,35,20,22,21,18,1,13,12,10,9,35,1,5,8,10,1,20,21,22,23,35,27,25,29,31,1,14,26,27,28,35,20,17,25,27,1,13,25,26,14,35,17,13,24,25,1,25,24,29,26,35,13,22,26,24,1,24,12,15,29,35,28,30,31,29,1,30,31,28,27,35,25,24,28,29,1,26,29,30,27,35,26,27,31,30,1,15,14,28,31,35,24,26,30,28,1,29,15,31,30]
}