{
    "uvs":[],
    "normals":[-1,0,0,-0,0,-1,1,0,0,0,2.98023e-08,1,0,-1,2.98023e-08,0,-5.96046e-08,-1,-1,-0,0,0,2.98023e-08,1,0,5.96046e-08,1,0,1,0,0,-5.96047e-08,-1],
    "bones":[{
        "rotq":[0,0,0,1],
        "name":"Bone",
        "parent":-1,
        "pos":[0,0,-0]
    },{
        "rotq":[0,0,0,1],
        "name":"Bone.001",
        "parent":0,
        "pos":[0,2.0261,-0]
    },{
        "rotq":[0,0,0,1],
        "name":"Bone.002",
        "parent":1,
        "pos":[0,2,-0]
    },{
        "rotq":[0,0,0,1],
        "name":"Bone.003",
        "parent":2,
        "pos":[0,2,-0]
    }],
    "influencesPerVertex":2,
    "metadata":{
        "version":3,
        "type":"Geometry",
        "uvs":0,
        "normals":11,
        "bones":4,
        "vertices":20,
        "generator":"io_three",
        "faces":18
    },
    "vertices":[-1,0.0250182,1,-1,2.02502,1,-1,0.0250181,-1,-1,2.02502,-1,1,0.0250182,1,1,2.02502,1,1,0.0250181,-1,1,2.02502,-1,-1,4.02502,1,-1,4.02502,-1,1,4.02502,-1,1,4.02502,1,-1,6.02502,1,-1,6.02502,-1,1,6.02502,-1,1,6.02502,1,-1,8.02502,1,-1,8.02502,-1,1,8.02502,-1,1,8.02502,1],
    "skinIndices":[0,1,0,1,0,1,0,1,0,1,0,1,0,1,0,1,2,1,2,1,2,1,2,1,3,2,3,2,3,2,3,2,3,2,3,2,3,2,3,2],
    "faces":[33,0,1,3,2,0,0,0,0,33,2,3,7,6,1,1,1,1,33,6,7,5,4,2,2,2,2,33,1,0,4,5,3,3,3,3,33,4,0,2,6,4,4,4,4,33,7,3,9,10,5,5,5,5,33,11,10,14,15,2,2,2,2,33,5,7,10,11,2,2,2,2,33,3,1,8,9,6,6,6,6,33,1,5,11,8,3,3,3,3,33,12,15,19,16,7,7,7,7,33,9,8,12,13,6,6,6,6,33,8,11,15,12,8,8,8,8,33,10,9,13,14,5,5,5,5,33,18,17,16,19,9,9,9,9,33,14,13,17,18,10,10,10,10,33,15,14,18,19,2,2,2,2,33,13,12,16,17,6,6,6,6],
    "skinWeights":[0.916759,0.0783865,0.496727,0.473922,0.909155,0.0855472,0.496368,0.474261,0.909155,0.0855472,0.496368,0.474261,0.916759,0.0783865,0.496727,0.473922,0.472421,0.472271,0.472407,0.472285,0.472421,0.472271,0.472407,0.472285,0.496532,0.47544,0.496878,0.475113,0.496532,0.47544,0.496878,0.475113,0.909184,0.0857603,0.916784,0.078583,0.909184,0.0857603,0.916784,0.078583]
}